,ap
20050101,0
20050102,0
20050103,0
20050104,0
20050105,0
20050106,0
20050107,0
20050108,0
20050109,0
20050110,0
20050111,0
20050112,0
20050113,0
20050114,0
20050115,0
20050116,0
20050117,1
20050118,0
20050119,1
20050120,1
20050121,1
20050122,1
20050123,0
20050124,0
20050125,1
20050126,1
20050127,0
20050128,0
20050129,0
20050130,1
20050131,1
20050201,1
20050202,1
20050203,1
20050204,1
20050205,1
20050206,1
20050207,1
20050208,1
20050209,1
20050210,1
20050211,0
20050212,0
20050213,0
20050214,0
20050215,0
20050216,0
20050217,0
20050218,0
20050219,0
20050220,0
20050221,0
20050222,0
20050223,0
20050224,0
20050225,0
20050226,0
20050227,0
20050228,0
20050301,0
20050302,0
20050303,0
20050304,0
20050305,0
20050306,0
20050307,0
20050308,0
20050309,0
20050310,1
20050311,1
20050312,0
20050313,1
20050314,0
20050315,0
20050316,0
20050317,1
20050318,1
20050319,1
20050320,1
20050321,1
20050322,1
20050323,1
20050324,1
20050325,1
20050326,0
20050327,1
20050328,1
20050329,1
20050330,0
20050331,0
20050401,0
20050402,0
20050403,0
20050404,0
20050405,0
20050406,0
20050407,1
20050408,0
20050409,0
20050410,0
20050411,0
20050412,0
20050413,0
20050414,0
20050415,0
20050416,0
20050417,1
20050418,1
20050419,1
20050420,1
20050421,1
20050422,0
20050423,0
20050424,1
20050425,1
20050426,0
20050427,0
20050428,0
20050429,0
20050430,0
20050501,0
20050502,0
20050503,0
20050504,0
20050505,0
20050506,0
20050507,0
20050508,0
20050509,0
20050510,0
20050511,0
20050512,0
20050513,0
20050514,0
20050515,0
20050516,0
20050517,0
20050518,0
20050519,0
20050520,0
20050521,0
20050522,0
20050523,0
20050524,0
20050525,0
20050526,0
20050527,0
20050528,0
20050529,0
20050530,0
20050531,0
20050601,0
20050602,0
20050603,0
20050604,0
20050605,0
20050606,0
20050607,0
20050608,0
20050609,0
20050610,0
20050611,0
20050612,0
20050613,0
20050614,0
20050615,0
20050616,0
20050617,0
20050618,0
20050619,0
20050620,0
20050621,0
20050622,0
20050623,0
20050624,0
20050625,0
20050626,0
20050627,0
20050628,0
20050629,0
20050630,0
20050701,0
20050702,0
20050703,0
20050704,0
20050705,0
20050706,0
20050707,0
20050708,0
20050709,0
20050710,0
20050711,0
20050712,0
20050713,0
20050714,0
20050715,0
20050716,0
20050717,0
20050718,0
20050719,0
20050720,0
20050721,0
20050722,0
20050723,0
20050724,0
20050725,0
20050726,0
20050727,0
20050728,0
20050729,0
20050730,0
20050731,0
20050801,0
20050802,0
20050803,0
20050804,0
20050805,0
20050806,0
20050807,0
20050808,0
20050809,0
20050810,0
20050811,0
20050812,0
20050813,0
20050814,0
20050815,0
20050816,0
20050817,0
20050818,0
20050819,0
20050820,0
20050821,0
20050822,0
20050823,0
20050824,0
20050825,0
20050826,0
20050827,0
20050828,0
20050829,0
20050830,0
20050831,0
20050901,0
20050902,0
20050903,0
20050904,0
20050905,0
20050906,0
20050907,0
20050908,0
20050909,1
20050910,1
20050911,1
20050912,1
20050913,1
20050914,1
20050915,1
20050916,1
20050917,1
20050918,1
20050919,1
20050920,0
20050921,0
20050922,1
20050923,1
20050924,0
20050925,0
20050926,0
20050927,0
20050928,0
20050929,0
20050930,0
20051001,0
20051002,0
20051003,0
20051004,0
20051005,0
20051006,0
20051007,0
20051008,0
20051009,0
20051010,0
20051011,0
20051012,0
20051013,0
20051014,0
20051015,0
20051016,0
20051017,1
20051018,1
20051019,1
20051020,1
20051021,1
20051022,1
20051023,1
20051024,0
20051025,0
20051026,0
20051027,0
20051028,0
20051029,0
20051030,0
20051031,0
20051101,0
20051102,0
20051103,1
20051104,1
20051105,1
20051106,1
20051107,1
20051108,1
20051109,1
20051110,1
20051111,1
20051112,1
20051113,1
20051114,1
20051115,1
20051116,1
20051117,1
20051118,1
20051119,1
20051120,0
20051121,0
20051122,0
20051123,0
20051124,0
20051125,0
20051126,1
20051127,1
20051128,1
20051129,1
20051130,1
20051201,1
20051202,1
20051203,1
20051204,1
20051205,1
20051206,1
20051207,1
20051208,1
20051209,0
20051210,1
20051211,1
20051212,1
20051213,0
20051214,1
20051215,0
20051216,1
20051217,1
20051218,1
20051219,1
20051220,1
20051221,1
20051222,1
20051223,1
20051224,1
20051225,1
20051226,1
20051227,1
20051228,1
20051229,1
20051230,1
20051231,1
20060101,1
20060102,1
20060103,0
20060104,0
20060105,1
20060106,1
20060107,1
20060108,1
20060109,1
20060110,1
20060111,1
20060112,1
20060113,0
20060114,1
20060115,1
20060116,1
20060117,1
20060118,1
20060119,1
20060120,1
20060121,1
20060122,1
20060123,1
20060124,1
20060125,1
20060126,0
20060127,0
20060128,0
20060129,0
20060130,1
20060131,1
20060201,1
20060202,1
20060203,1
20060204,1
20060205,1
20060206,1
20060207,0
20060208,0
20060209,0
20060210,0
20060211,0
20060212,1
20060213,1
20060214,1
20060215,1
20060216,1
20060217,1
20060218,1
20060219,1
20060220,1
20060221,1
20060222,1
20060223,0
20060224,0
20060225,0
20060226,1
20060227,0
20060228,0
20060301,0
20060302,0
20060303,1
20060304,1
20060305,1
20060306,1
20060307,1
20060308,1
20060309,1
20060310,1
20060311,1
20060312,1
20060313,1
20060314,1
20060315,1
20060316,1
20060317,1
20060318,1
20060319,1
20060320,1
20060321,1
20060322,1
20060323,1
20060324,1
20060325,1
20060326,1
20060327,1
20060328,0
20060329,0
20060330,0
20060331,1
20060401,1
20060402,1
20060403,1
20060404,1
20060405,1
20060406,1
20060407,1
20060408,1
20060409,1
20060410,0
20060411,0
20060412,0
20060413,0
20060414,0
20060415,0
20060416,0
20060417,0
20060418,0
20060419,0
20060420,0
20060421,0
20060422,0
20060423,0
20060424,0
20060425,0
20060426,0
20060427,0
20060428,0
20060429,0
20060430,0
20060501,0
20060502,0
20060503,0
20060504,0
20060505,0
20060506,0
20060507,0
20060508,0
20060509,0
20060510,0
20060511,0
20060512,0
20060513,0
20060514,0
20060515,0
20060516,0
20060517,0
20060518,0
20060519,0
20060520,0
20060521,0
20060522,0
20060523,0
20060524,0
20060525,0
20060526,0
20060527,0
20060528,0
20060529,0
20060530,0
20060531,0
20060601,0
20060602,0
20060603,0
20060604,0
20060605,0
20060606,0
20060607,0
20060608,0
20060609,0
20060610,0
20060611,0
20060612,0
20060613,0
20060614,0
20060615,0
20060616,0
20060617,0
20060618,0
20060619,0
20060620,0
20060621,0
20060622,0
20060623,0
20060624,0
20060625,0
20060626,0
20060627,0
20060628,0
20060629,0
20060630,0
20060701,0
20060702,0
20060703,0
20060704,0
20060705,0
20060706,0
20060707,0
20060708,0
20060709,0
20060710,0
20060711,0
20060712,0
20060713,0
20060714,0
20060715,0
20060716,0
20060717,0
20060718,0
20060719,0
20060720,0
20060721,0
20060722,0
20060723,0
20060724,0
20060725,0
20060726,0
20060727,0
20060728,0
20060729,0
20060730,0
20060731,0
20060801,0
20060802,0
20060803,0
20060804,0
20060805,0
20060806,0
20060807,0
20060808,0
20060809,0
20060810,0
20060811,0
20060812,0
20060813,0
20060814,0
20060815,0
20060816,0
20060817,0
20060818,0
20060819,0
20060820,0
20060821,0
20060822,0
20060823,0
20060824,0
20060825,0
20060826,0
20060827,0
20060828,0
20060829,0
20060830,0
20060831,0
20060901,0
20060902,0
20060903,0
20060904,0
20060905,0
20060906,0
20060907,0
20060908,0
20060909,0
20060910,0
20060911,0
20060912,0
20060913,0
20060914,0
20060915,0
20060916,0
20060917,0
20060918,0
20060919,0
20060920,1
20060921,1
20060922,1
20060923,1
20060924,1
20060925,1
20060926,1
20060927,1
20060928,0
20060929,0
20060930,0
20061001,0
20061002,0
20061003,0
20061004,0
20061005,0
20061006,0
20061007,1
20061008,1
20061009,1
20061010,1
20061011,1
20061012,1
20061013,1
20061014,1
20061015,1
20061016,1
20061017,1
20061018,1
20061019,1
20061020,1
20061021,1
20061022,1
20061023,1
20061024,1
20061025,0
20061026,0
20061027,0
20061028,0
20061029,0
20061030,0
20061031,0
20061101,0
20061102,0
20061103,0
20061104,0
20061105,0
20061106,0
20061107,0
20061108,0
20061109,1
20061110,1
20061111,1
20061112,1
20061113,1
20061114,1
20061115,1
20061116,1
20061117,1
20061118,1
20061119,1
20061120,1
20061121,1
20061122,1
20061123,0
20061124,0
20061125,0
20061126,0
20061127,0
20061128,0
20061129,0
20061130,0
20061201,0
20061202,0
20061203,0
20061204,0
20061205,0
20061206,0
20061207,0
20061208,0
20061209,1
20061210,1
20061211,1
20061212,1
20061213,1
20061214,1
20061215,1
20061216,0
20061217,0
20061218,0
20061219,0
20061220,0
20061221,0
20061222,0
20061223,0
20061224,0
20061225,0
20061226,1
20061227,1
20061228,1
20061229,1
20061230,1
20061231,1
20070101,1
20070102,1
20070103,1
20070104,1
20070105,0
20070106,1
20070107,0
20070108,0
20070109,1
20070110,1
20070111,1
20070112,1
20070113,1
20070114,1
20070115,0
20070116,1
20070117,0
20070118,0
20070119,0
20070120,0
20070121,0
20070122,0
20070123,0
20070124,0
20070125,0
20070126,1
20070127,1
20070128,1
20070129,1
20070130,1
20070131,1
20070201,1
20070202,1
20070203,1
20070204,1
20070205,1
20070206,1
20070207,1
20070208,1
20070209,1
20070210,1
20070211,1
20070212,1
20070213,1
20070214,1
20070215,1
20070216,1
20070217,1
20070218,1
20070219,1
20070220,1
20070221,1
20070222,1
20070223,0
20070224,0
20070225,0
20070226,0
20070227,0
20070228,0
20070301,0
20070302,0
20070303,0
20070304,0
20070305,0
20070306,0
20070307,0
20070308,0
20070309,0
20070310,0
20070311,0
20070312,0
20070313,0
20070314,0
20070315,1
20070316,0
20070317,0
20070318,0
20070319,0
20070320,0
20070321,0
20070322,0
20070323,0
20070324,0
20070325,1
20070326,0
20070327,1
20070328,1
20070329,0
20070330,1
20070331,0
20070401,1
20070402,0
20070403,0
20070404,0
20070405,0
20070406,0
20070407,0
20070408,0
20070409,0
20070410,0
20070411,0
20070412,0
20070413,1
20070414,1
20070415,1
20070416,1
20070417,1
20070418,1
20070419,1
20070420,0
20070421,1
20070422,1
20070423,1
20070424,1
20070425,0
20070426,0
20070427,0
20070428,0
20070429,0
20070430,0
20070501,0
20070502,0
20070503,0
20070504,0
20070505,1
20070506,1
20070507,0
20070508,1
20070509,1
20070510,1
20070511,1
20070512,1
20070513,1
20070514,1
20070515,1
20070516,1
20070517,1
20070518,1
20070519,1
20070520,1
20070521,1
20070522,0
20070523,0
20070524,0
20070525,0
20070526,0
20070527,0
20070528,0
20070529,0
20070530,0
20070531,0
20070601,0
20070602,0
20070603,0
20070604,0
20070605,0
20070606,0
20070607,0
20070608,0
20070609,0
20070610,0
20070611,0
20070612,0
20070613,0
20070614,0
20070615,0
20070616,0
20070617,0
20070618,0
20070619,0
20070620,0
20070621,0
20070622,0
20070623,0
20070624,0
20070625,0
20070626,0
20070627,0
20070628,0
20070629,0
20070630,0
20070701,0
20070702,0
20070703,0
20070704,0
20070705,0
20070706,0
20070707,0
20070708,0
20070709,0
20070710,0
20070711,0
20070712,0
20070713,0
20070714,0
20070715,0
20070716,0
20070717,0
20070718,0
20070719,0
20070720,0
20070721,0
20070722,0
20070723,0
20070724,0
20070725,0
20070726,0
20070727,0
20070728,0
20070729,0
20070730,0
20070731,0
20070801,0
20070802,0
20070803,0
20070804,0
20070805,0
20070806,0
20070807,0
20070808,0
20070809,0
20070810,0
20070811,0
20070812,0
20070813,0
20070814,0
20070815,0
20070816,0
20070817,0
20070818,0
20070819,0
20070820,0
20070821,0
20070822,0
20070823,0
20070824,0
20070825,0
20070826,0
20070827,0
20070828,0
20070829,0
20070830,0
20070831,0
20070901,0
20070902,0
20070903,0
20070904,0
20070905,0
20070906,0
20070907,0
20070908,0
20070909,0
20070910,0
20070911,0
20070912,0
20070913,0
20070914,0
20070915,1
20070916,1
20070917,1
20070918,1
20070919,1
20070920,1
20070921,1
20070922,1
20070923,1
20070924,1
20070925,0
20070926,0
20070927,0
20070928,0
20070929,0
20070930,0
20071001,0
20071002,0
20071003,0
20071004,0
20071005,0
20071006,0
20071007,0
20071008,0
20071009,0
20071010,0
20071011,0
20071012,0
20071013,0
20071014,0
20071015,0
20071016,0
20071017,0
20071018,0
20071019,0
20071020,0
20071021,0
20071022,0
20071023,0
20071024,1
20071025,1
20071026,1
20071027,1
20071028,1
20071029,0
20071030,0
20071031,0
20071101,1
20071102,0
20071103,0
20071104,0
20071105,0
20071106,0
20071107,0
20071108,0
20071109,0
20071110,0
20071111,0
20071112,0
20071113,0
20071114,0
20071115,1
20071116,1
20071117,1
20071118,1
20071119,1
20071120,0
20071121,1
20071122,0
20071123,0
20071124,1
20071125,1
20071126,1
20071127,1
20071128,0
20071129,1
20071130,0
20071201,0
20071202,1
20071203,1
20071204,1
20071205,1
20071206,1
20071207,1
20071208,1
20071209,1
20071210,1
20071211,1
20071212,1
20071213,1
20071214,1
20071215,1
20071216,1
20071217,1
20071218,1
20071219,1
20071220,1
20071221,1
20071222,1
20071223,1
20071224,1
20071225,1
20071226,1
20071227,1
20071228,1
20071229,1
20071230,1
20071231,1
20080101,1
20080102,1
20080103,1
20080104,1
20080105,1
20080106,1
20080107,1
20080108,1
20080109,1
20080110,1
20080111,1
20080112,1
20080113,1
20080114,1
20080115,1
20080116,1
20080117,1
20080118,1
20080119,1
20080120,0
20080121,0
20080122,0
20080123,0
20080124,0
20080125,0
20080126,0
20080127,0
20080128,0
20080129,0
20080130,0
20080131,0
20080201,0
20080202,0
20080203,0
20080204,0
20080205,0
20080206,0
20080207,0
20080208,0
20080209,0
20080210,0
20080211,0
20080212,0
20080213,0
20080214,0
20080215,0
20080216,0
20080217,0
20080218,0
20080219,0
20080220,0
20080221,1
20080222,1
20080223,1
20080224,1
20080225,1
20080226,1
20080227,1
20080228,1
20080229,1
20080301,1
20080302,1
20080303,1
20080304,1
20080305,1
20080306,1
20080307,1
20080308,1
20080309,1
20080310,1
20080311,1
20080312,1
20080313,1
20080314,1
20080315,1
20080316,1
20080317,1
20080318,1
20080319,1
20080320,1
20080321,1
20080322,1
20080323,1
20080324,1
20080325,1
20080326,1
20080327,1
20080328,1
20080329,1
20080330,1
20080331,1
20080401,1
20080402,1
20080403,1
20080404,1
20080405,1
20080406,1
20080407,1
20080408,1
20080409,1
20080410,1
20080411,1
20080412,1
20080413,0
20080414,0
20080415,0
20080416,0
20080417,0
20080418,0
20080419,0
20080420,0
20080421,0
20080422,0
20080423,0
20080424,0
20080425,1
20080426,1
20080427,1
20080428,1
20080429,1
20080430,1
20080501,1
20080502,1
20080503,1
20080504,1
20080505,0
20080506,0
20080507,0
20080508,0
20080509,0
20080510,0
20080511,0
20080512,0
20080513,0
20080514,0
20080515,0
20080516,0
20080517,0
20080518,0
20080519,0
20080520,0
20080521,0
20080522,0
20080523,0
20080524,0
20080525,0
20080526,0
20080527,0
20080528,0
20080529,0
20080530,0
20080531,0
20080601,0
20080602,0
20080603,0
20080604,0
20080605,0
20080606,0
20080607,0
20080608,0
20080609,0
20080610,0
20080611,0
20080612,0
20080613,0
20080614,0
20080615,0
20080616,0
20080617,0
20080618,0
20080619,0
20080620,0
20080621,0
20080622,0
20080623,0
20080624,0
20080625,0
20080626,0
20080627,0
20080628,0
20080629,0
20080630,0
20080701,0
20080702,0
20080703,0
20080704,0
20080705,0
20080706,0
20080707,0
20080708,0
20080709,0
20080710,0
20080711,0
20080712,0
20080713,0
20080714,0
20080715,0
20080716,0
20080717,0
20080718,0
20080719,0
20080720,0
20080721,0
20080722,0
20080723,0
20080724,0
20080725,0
20080726,0
20080727,0
20080728,0
20080729,0
20080730,0
20080731,0
20080801,0
20080802,0
20080803,0
20080804,0
20080805,0
20080806,0
20080807,0
20080808,0
20080809,0
20080810,0
20080811,0
20080812,0
20080813,0
20080814,0
20080815,0
20080816,0
20080817,0
20080818,0
20080819,0
20080820,0
20080821,0
20080822,0
20080823,0
20080824,0
20080825,0
20080826,0
20080827,0
20080828,0
20080829,0
20080830,0
20080831,0
20080901,0
20080902,0
20080903,0
20080904,0
20080905,0
20080906,0
20080907,0
20080908,0
20080909,0
20080910,0
20080911,0
20080912,0
20080913,0
20080914,0
20080915,0
20080916,0
20080917,0
20080918,0
20080919,0
20080920,1
20080921,0
20080922,1
20080923,1
20080924,0
20080925,0
20080926,0
20080927,0
20080928,0
20080929,0
20080930,0
20081001,0
20081002,0
20081003,0
20081004,0
20081005,0
20081006,0
20081007,0
20081008,0
20081009,0
20081010,0
20081011,0
20081012,0
20081013,0
20081014,0
20081015,0
20081016,0
20081017,0
20081018,0
20081019,0
20081020,0
20081021,0
20081022,0
20081023,0
20081024,0
20081025,1
20081026,1
20081027,1
20081028,1
20081029,1
20081030,1
20081031,1
20081101,1
20081102,1
20081103,1
20081104,0
20081105,1
20081106,0
20081107,0
20081108,0
20081109,0
20081110,0
20081111,0
20081112,0
20081113,0
20081114,0
20081115,0
20081116,0
20081117,0
20081118,0
20081119,0
20081120,0
20081121,0
20081122,0
20081123,0
20081124,1
20081125,1
20081126,0
20081127,1
20081128,1
20081129,1
20081130,1
20081201,1
20081202,1
20081203,0
20081204,1
20081205,1
20081206,1
20081207,1
20081208,1
20081209,1
20081210,1
20081211,1
20081212,1
20081213,0
20081214,0
20081215,0
20081216,0
20081217,1
20081218,0
20081219,0
20081220,1
20081221,1
20081222,1
20081223,1
20081224,1
20081225,1
20081226,1
20081227,1
20081228,1
20081229,1
20081230,1
20081231,0
20090101,0
20090102,0
20090103,0
20090104,0
20090105,0
20090106,0
20090107,0
20090108,0
20090109,0
20090110,0
20090111,1
20090112,1
20090113,1
20090114,1
20090115,1
20090116,1
20090117,1
20090118,1
20090119,0
20090120,1
20090121,1
20090122,1
20090123,1
20090124,1
20090125,1
20090126,1
20090127,1
20090128,0
20090129,0
20090130,0
20090131,0
20090201,0
20090202,0
20090203,0
20090204,0
20090205,0
20090206,1
20090207,1
20090208,1
20090209,1
20090210,1
20090211,1
20090212,1
20090213,1
20090214,1
20090215,1
20090216,1
20090217,1
20090218,1
20090219,1
20090220,1
20090221,0
20090222,1
20090223,1
20090224,0
20090225,0
20090226,0
20090227,0
20090228,0
20090301,0
20090302,0
20090303,0
20090304,0
20090305,0
20090306,0
20090307,0
20090308,0
20090309,0
20090310,0
20090311,0
20090312,0
20090313,0
20090314,1
20090315,1
20090316,0
20090317,0
20090318,0
20090319,0
20090320,1
20090321,1
20090322,1
20090323,1
20090324,1
20090325,1
20090326,1
20090327,1
20090328,1
20090329,1
20090330,0
20090331,0
20090401,0
20090402,0
20090403,0
20090404,1
20090405,1
20090406,1
20090407,1
20090408,1
20090409,1
20090410,1
20090411,1
20090412,1
20090413,1
20090414,1
20090415,1
20090416,1
20090417,1
20090418,1
20090419,0
20090420,0
20090421,0
20090422,0
20090423,0
20090424,0
20090425,0
20090426,0
20090427,0
20090428,0
20090429,0
20090430,0
20090501,0
20090502,0
20090503,0
20090504,0
20090505,0
20090506,0
20090507,0
20090508,0
20090509,0
20090510,0
20090511,0
20090512,0
20090513,0
20090514,0
20090515,0
20090516,0
20090517,0
20090518,0
20090519,0
20090520,0
20090521,0
20090522,0
20090523,0
20090524,0
20090525,0
20090526,0
20090527,0
20090528,0
20090529,0
20090530,0
20090531,0
20090601,0
20090602,0
20090603,1
20090604,1
20090605,1
20090606,0
20090607,0
20090608,0
20090609,0
20090610,0
20090611,0
20090612,0
20090613,0
20090614,0
20090615,0
20090616,0
20090617,0
20090618,0
20090619,0
20090620,0
20090621,0
20090622,0
20090623,0
20090624,0
20090625,0
20090626,0
20090627,0
20090628,0
20090629,0
20090630,0
20090701,0
20090702,0
20090703,0
20090704,0
20090705,0
20090706,0
20090707,0
20090708,0
20090709,0
20090710,0
20090711,0
20090712,0
20090713,0
20090714,0
20090715,0
20090716,0
20090717,0
20090718,0
20090719,0
20090720,0
20090721,0
20090722,0
20090723,0
20090724,0
20090725,0
20090726,0
20090727,0
20090728,0
20090729,0
20090730,0
20090731,0
20090801,0
20090802,0
20090803,0
20090804,0
20090805,0
20090806,0
20090807,0
20090808,0
20090809,0
20090810,0
20090811,0
20090812,0
20090813,0
20090814,0
20090815,0
20090816,0
20090817,0
20090818,0
20090819,0
20090820,0
20090821,0
20090822,0
20090823,0
20090824,0
20090825,0
20090826,0
20090827,0
20090828,0
20090829,0
20090830,0
20090831,0
20090901,0
20090902,0
20090903,0
20090904,0
20090905,0
20090906,0
20090907,0
20090908,0
20090909,0
20090910,0
20090911,0
20090912,0
20090913,0
20090914,0
20090915,0
20090916,0
20090917,0
20090918,0
20090919,0
20090920,0
20090921,0
20090922,0
20090923,0
20090924,0
20090925,0
20090926,0
20090927,0
20090928,0
20090929,0
20090930,0
20091001,0
20091002,0
20091003,0
20091004,0
20091005,0
20091006,0
20091007,0
20091008,0
20091009,0
20091010,0
20091011,0
20091012,0
20091013,0
20091014,0
20091015,0
20091016,0
20091017,0
20091018,0
20091019,1
20091020,1
20091021,1
20091022,1
20091023,1
20091024,1
20091025,1
20091026,1
20091027,0
20091028,0
20091029,0
20091030,0
20091031,0
20091101,0
20091102,1
20091103,0
20091104,0
20091105,0
20091106,0
20091107,0
20091108,0
20091109,0
20091110,0
20091111,0
20091112,1
20091113,0
20091114,0
20091115,0
20091116,0
20091117,0
20091118,0
20091119,0
20091120,0
20091121,0
20091122,0
20091123,0
20091124,0
20091125,0
20091126,0
20091127,0
20091128,0
20091129,0
20091130,1
20091201,1
20091202,1
20091203,1
20091204,1
20091205,1
20091206,1
20091207,1
20091208,1
20091209,1
20091210,1
20091211,1
20091212,1
20091213,1
20091214,1
20091215,1
20091216,1
20091217,1
20091218,1
20091219,0
20091220,0
20091221,0
20091222,0
20091223,1
20091224,1
20091225,1
20091226,1
20091227,1
20091228,1
20091229,1
20091230,1
20091231,1
20100101,1
20100102,1
20100103,1
20100104,0
20100105,1
20100106,1
20100107,1
20100108,1
20100109,1
20100110,1
20100111,1
20100112,1
20100113,0
20100114,0
20100115,0
20100116,0
20100117,1
20100118,1
20100119,1
20100120,1
20100121,1
20100122,1
20100123,1
20100124,1
20100125,1
20100126,0
20100127,0
20100128,1
20100129,1
20100130,1
20100131,1
20100201,1
20100202,1
20100203,1
20100204,1
20100205,1
20100206,1
20100207,1
20100208,1
20100209,0
20100210,0
20100211,0
20100212,0
20100213,0
20100214,0
20100215,0
20100216,0
20100217,0
20100218,0
20100219,0
20100220,0
20100221,0
20100222,0
20100223,0
20100224,0
20100225,0
20100226,0
20100227,0
20100228,0
20100301,0
20100302,1
20100303,0
20100304,0
20100305,0
20100306,1
20100307,0
20100308,0
20100309,0
20100310,0
20100311,0
20100312,0
20100313,0
20100314,0
20100315,0
20100316,0
20100317,0
20100318,0
20100319,0
20100320,1
20100321,1
20100322,1
20100323,1
20100324,1
20100325,1
20100326,1
20100327,1
20100328,1
20100329,1
20100330,0
20100331,0
20100401,0
20100402,0
20100403,0
20100404,0
20100405,0
20100406,1
20100407,1
20100408,0
20100409,0
20100410,0
20100411,0
20100412,0
20100413,0
20100414,0
20100415,0
20100416,0
20100417,0
20100418,0
20100419,0
20100420,0
20100421,0
20100422,0
20100423,0
20100424,0
20100425,0
20100426,0
20100427,0
20100428,0
20100429,0
20100430,0
20100501,0
20100502,0
20100503,0
20100504,0
20100505,0
20100506,0
20100507,0
20100508,0
20100509,0
20100510,0
20100511,0
20100512,0
20100513,0
20100514,0
20100515,0
20100516,0
20100517,0
20100518,0
20100519,0
20100520,0
20100521,0
20100522,0
20100523,0
20100524,0
20100525,0
20100526,0
20100527,0
20100528,0
20100529,0
20100530,0
20100531,0
20100601,0
20100602,0
20100603,0
20100604,0
20100605,0
20100606,0
20100607,0
20100608,0
20100609,0
20100610,0
20100611,0
20100612,0
20100613,0
20100614,0
20100615,0
20100616,0
20100617,0
20100618,0
20100619,0
20100620,0
20100621,0
20100622,0
20100623,0
20100624,0
20100625,0
20100626,0
20100627,0
20100628,0
20100629,0
20100630,0
20100701,0
20100702,0
20100703,0
20100704,0
20100705,0
20100706,0
20100707,0
20100708,0
20100709,0
20100710,0
20100711,0
20100712,0
20100713,0
20100714,0
20100715,0
20100716,0
20100717,0
20100718,0
20100719,0
20100720,0
20100721,0
20100722,0
20100723,0
20100724,0
20100725,0
20100726,0
20100727,0
20100728,0
20100729,0
20100730,0
20100731,0
20100801,0
20100802,0
20100803,0
20100804,0
20100805,0
20100806,0
20100807,0
20100808,0
20100809,0
20100810,0
20100811,0
20100812,0
20100813,0
20100814,0
20100815,0
20100816,0
20100817,0
20100818,0
20100819,0
20100820,0
20100821,0
20100822,0
20100823,0
20100824,0
20100825,0
20100826,0
20100827,0
20100828,0
20100829,0
20100830,0
20100831,0
20100901,0
20100902,0
20100903,0
20100904,0
20100905,0
20100906,0
20100907,0
20100908,0
20100909,0
20100910,0
20100911,0
20100912,0
20100913,0
20100914,0
20100915,0
20100916,0
20100917,0
20100918,0
20100919,0
20100920,0
20100921,0
20100922,0
20100923,0
20100924,0
20100925,0
20100926,0
20100927,0
20100928,0
20100929,0
20100930,0
20101001,0
20101002,0
20101003,0
20101004,0
20101005,0
20101006,0
20101007,0
20101008,0
20101009,0
20101010,0
20101011,0
20101012,0
20101013,0
20101014,0
20101015,0
20101016,0
20101017,0
20101018,0
20101019,0
20101020,0
20101021,0
20101022,0
20101023,0
20101024,0
20101025,0
20101026,0
20101027,0
20101028,0
20101029,0
20101030,0
20101031,0
20101101,0
20101102,0
20101103,0
20101104,0
20101105,0
20101106,0
20101107,0
20101108,0
20101109,0
20101110,1
20101111,1
20101112,1
20101113,1
20101114,1
20101115,1
20101116,1
20101117,1
20101118,0
20101119,0
20101120,0
20101121,0
20101122,0
20101123,0
20101124,1
20101125,1
20101126,1
20101127,0
20101128,0
20101129,0
20101130,1
20101201,0
20101202,1
20101203,0
20101204,0
20101205,1
20101206,1
20101207,1
20101208,1
20101209,1
20101210,1
20101211,1
20101212,1
20101213,1
20101214,1
20101215,1
20101216,1
20101217,1
20101218,0
20101219,1
20101220,0
20101221,0
20101222,1
20101223,1
20101224,1
20101225,1
20101226,1
20101227,1
20101228,1
20101229,1
20101230,1
20101231,0
20110101,0
20110102,0
20110103,1
20110104,0
20110105,0
20110106,0
20110107,0
20110108,0
20110109,0
20110110,0
20110111,0
20110112,0
20110113,0
20110114,0
20110115,0
20110116,0
20110117,0
20110118,0
20110119,0
20110120,0
20110121,0
20110122,0
20110123,0
20110124,0
20110125,0
20110126,0
20110127,0
20110128,0
20110129,0
20110130,0
20110131,0
20110201,0
20110202,0
20110203,0
20110204,0
20110205,1
20110206,1
20110207,1
20110208,1
20110209,1
20110210,1
20110211,1
20110212,1
20110213,1
20110214,1
20110215,1
20110216,1
20110217,1
20110218,0
20110219,1
20110220,1
20110221,0
20110222,0
20110223,1
20110224,1
20110225,1
20110226,1
20110227,1
20110228,1
20110301,1
20110302,1
20110303,1
20110304,1
20110305,1
20110306,1
20110307,1
20110308,1
20110309,1
20110310,1
20110311,1
20110312,1
20110313,1
20110314,1
20110315,1
20110316,1
20110317,1
20110318,0
20110319,1
20110320,1
20110321,1
20110322,1
20110323,1
20110324,1
20110325,1
20110326,1
20110327,1
20110328,0
20110329,0
20110330,0
20110331,0
20110401,0
20110402,1
20110403,1
20110404,1
20110405,1
20110406,1
20110407,1
20110408,1
20110409,1
20110410,1
20110411,1
20110412,1
20110413,1
20110414,1
20110415,1
20110416,1
20110417,1
20110418,1
20110419,1
20110420,1
20110421,0
20110422,0
20110423,0
20110424,0
20110425,0
20110426,0
20110427,0
20110428,0
20110429,0
20110430,1
20110501,1
20110502,1
20110503,1
20110504,1
20110505,1
20110506,1
20110507,1
20110508,0
20110509,0
20110510,0
20110511,0
20110512,0
20110513,0
20110514,0
20110515,0
20110516,0
20110517,0
20110518,0
20110519,0
20110520,0
20110521,0
20110522,0
20110523,0
20110524,0
20110525,0
20110526,0
20110527,0
20110528,0
20110529,0
20110530,0
20110531,0
20110601,0
20110602,0
20110603,0
20110604,0
20110605,0
20110606,0
20110607,0
20110608,0
20110609,0
20110610,0
20110611,0
20110612,0
20110613,0
20110614,0
20110615,0
20110616,0
20110617,0
20110618,0
20110619,0
20110620,0
20110621,0
20110622,0
20110623,0
20110624,0
20110625,0
20110626,0
20110627,0
20110628,0
20110629,0
20110630,0
20110701,0
20110702,0
20110703,0
20110704,0
20110705,0
20110706,0
20110707,0
20110708,0
20110709,0
20110710,0
20110711,0
20110712,0
20110713,0
20110714,0
20110715,0
20110716,0
20110717,0
20110718,0
20110719,0
20110720,0
20110721,0
20110722,0
20110723,0
20110724,0
20110725,0
20110726,0
20110727,0
20110728,0
20110729,0
20110730,0
20110731,0
20110801,0
20110802,0
20110803,0
20110804,0
20110805,0
20110806,0
20110807,0
20110808,0
20110809,0
20110810,0
20110811,0
20110812,0
20110813,0
20110814,0
20110815,0
20110816,0
20110817,0
20110818,0
20110819,0
20110820,0
20110821,0
20110822,0
20110823,0
20110824,0
20110825,0
20110826,0
20110827,0
20110828,0
20110829,0
20110830,0
20110831,0
20110901,0
20110902,0
20110903,0
20110904,0
20110905,1
20110906,1
20110907,1
20110908,1
20110909,1
20110910,1
20110911,1
20110912,1
20110913,1
20110914,0
20110915,0
20110916,0
20110917,0
20110918,0
20110919,0
20110920,0
20110921,0
20110922,0
20110923,0
20110924,0
20110925,0
20110926,0
20110927,0
20110928,0
20110929,0
20110930,0
20111001,0
20111002,0
20111003,0
20111004,0
20111005,0
20111006,0
20111007,0
20111008,0
20111009,0
20111010,0
20111011,0
20111012,0
20111013,0
20111014,0
20111015,0
20111016,0
20111017,0
20111018,0
20111019,0
20111020,0
20111021,0
20111022,0
20111023,0
20111024,1
20111025,0
20111026,0
20111027,0
20111028,0
20111029,0
20111030,0
20111031,0
20111101,0
20111102,0
20111103,0
20111104,0
20111105,0
20111106,0
20111107,0
20111108,0
20111109,0
20111110,0
20111111,0
20111112,0
20111113,0
20111114,0
20111115,0
20111116,0
20111117,0
20111118,0
20111119,0
20111120,0
20111121,0
20111122,0
20111123,0
20111124,0
20111125,0
20111126,0
20111127,0
20111128,0
20111129,0
20111130,0
20111201,0
20111202,0
20111203,0
20111204,0
20111205,0
20111206,0
20111207,0
20111208,0
20111209,0
20111210,0
20111211,0
20111212,0
20111213,0
20111214,0
20111215,0
20111216,0
20111217,0
20111218,0
20111219,0
20111220,0
20111221,0
20111222,0
20111223,0
20111224,0
20111225,0
20111226,0
20111227,0
20111228,0
20111229,0
20111230,0
20111231,0
20120101,0
20120102,0
20120103,0
20120104,0
20120105,0
20120106,0
20120107,0
20120108,0
20120109,0
20120110,0
20120111,0
20120112,0
20120113,0
20120114,0
20120115,0
20120116,0
20120117,0
20120118,0
20120119,0
20120120,0
20120121,0
20120122,0
20120123,0
20120124,0
20120125,0
20120126,0
20120127,0
20120128,0
20120129,0
20120130,0
20120131,0
20120201,0
20120202,0
20120203,0
20120204,0
20120205,0
20120206,0
20120207,0
20120208,0
20120209,0
20120210,0
20120211,0
20120212,0
20120213,0
20120214,0
20120215,0
20120216,0
20120217,0
20120218,0
20120219,0
20120220,0
20120221,0
20120222,0
20120223,1
20120224,0
20120225,1
20120226,1
20120227,0
20120228,0
20120229,0
20120301,0
20120302,0
20120303,0
20120304,0
20120305,0
20120306,0
20120307,0
20120308,0
20120309,0
20120310,0
20120311,0
20120312,0
20120313,0
20120314,0
20120315,0
20120316,0
20120317,0
20120318,0
20120319,0
20120320,1
20120321,0
20120322,0
20120323,0
20120324,0
20120325,0
20120326,0
20120327,0
20120328,0
20120329,0
20120330,0
20120331,0
20120401,0
20120402,0
20120403,0
20120404,0
20120405,0
20120406,0
20120407,0
20120408,0
20120409,0
20120410,0
20120411,0
20120412,0
20120413,0
20120414,0
20120415,0
20120416,0
20120417,0
20120418,0
20120419,0
20120420,0
20120421,0
20120422,0
20120423,0
20120424,0
20120425,0
20120426,0
20120427,0
20120428,0
20120429,0
20120430,0
20120501,0
20120502,0
20120503,0
20120504,0
20120505,0
20120506,0
20120507,0
20120508,0
20120509,0
20120510,0
20120511,0
20120512,0
20120513,0
20120514,0
20120515,0
20120516,0
20120517,0
20120518,0
20120519,0
20120520,0
20120521,0
20120522,0
20120523,0
20120524,0
20120525,0
20120526,0
20120527,0
20120528,0
20120529,0
20120530,0
20120531,0
20120601,0
20120602,0
20120603,0
20120604,0
20120605,0
20120606,0
20120607,0
20120608,0
20120609,0
20120610,0
20120611,0
20120612,0
20120613,0
20120614,0
20120615,0
20120616,0
20120617,0
20120618,0
20120619,0
20120620,0
20120621,0
20120622,0
20120623,0
20120624,0
20120625,0
20120626,0
20120627,0
20120628,0
20120629,0
20120630,0
20120701,0
20120702,0
20120703,0
20120704,0
20120705,0
20120706,0
20120707,0
20120708,0
20120709,0
20120710,0
20120711,0
20120712,0
20120713,0
20120714,0
20120715,0
20120716,0
20120717,0
20120718,0
20120719,0
20120720,0
20120721,0
20120722,0
20120723,0
20120724,0
20120725,0
20120726,0
20120727,0
20120728,0
20120729,0
20120730,0
20120731,0
20120801,0
20120802,0
20120803,0
20120804,0
20120805,0
20120806,0
20120807,0
20120808,0
20120809,0
20120810,0
20120811,0
20120812,0
20120813,0
20120814,0
20120815,0
20120816,0
20120817,0
20120818,0
20120819,0
20120820,0
20120821,0
20120822,0
20120823,0
20120824,0
20120825,0
20120826,0
20120827,0
20120828,0
20120829,0
20120830,0
20120831,0
20120901,0
20120902,0
20120903,0
20120904,0
20120905,0
20120906,0
20120907,0
20120908,0
20120909,0
20120910,0
20120911,0
20120912,0
20120913,0
20120914,0
20120915,0
20120916,0
20120917,0
20120918,0
20120919,0
20120920,0
20120921,0
20120922,0
20120923,0
20120924,0
20120925,0
20120926,0
20120927,0
20120928,0
20120929,0
20120930,0
20121001,0
20121002,0
20121003,0
20121004,0
20121005,0
20121006,0
20121007,0
20121008,0
20121009,0
20121010,0
20121011,0
20121012,0
20121013,0
20121014,0
20121015,0
20121016,0
20121017,0
20121018,0
20121019,0
20121020,0
20121021,0
20121022,0
20121023,0
20121024,0
20121025,0
20121026,0
20121027,0
20121028,0
20121029,0
20121030,0
20121031,0
20121101,0
20121102,0
20121103,0
20121104,0
20121105,0
20121106,0
20121107,0
20121108,0
20121109,0
20121110,1
20121111,0
20121112,0
20121113,1
20121114,0
20121115,0
20121116,0
20121117,1
20121118,0
20121119,0
20121120,0
20121121,0
20121122,0
20121123,0
20121124,0
20121125,0
20121126,0
20121127,0
20121128,0
20121129,0
20121130,0
20121201,0
20121202,0
20121203,0
20121204,0
20121205,0
20121206,0
20121207,0
20121208,0
20121209,0
20121210,0
20121211,0
20121212,0
20121213,0
20121214,0
20121215,0
20121216,0
20121217,0
20121218,0
20121219,0
20121220,0
20121221,0
20121222,0
20121223,0
20121224,0
20121225,0
20121226,0
20121227,1
20121228,1
20121229,0
20121230,0
20121231,0
20130101,0
20130102,0
20130103,0
20130104,0
20130105,0
20130106,0
20130107,0
20130108,0
20130109,0
20130110,0
20130111,0
20130112,0
20130113,0
20130114,0
20130115,0
20130116,0
20130117,0
20130118,0
20130119,0
20130120,0
20130121,0
20130122,1
20130123,1
20130124,1
20130125,1
20130126,1
20130127,1
20130128,1
20130129,1
20130130,1
20130131,1
20130201,1
20130202,1
20130203,0
20130204,1
20130205,1
20130206,0
20130207,0
20130208,0
20130209,0
20130210,0
20130211,0
20130212,0
20130213,0
20130214,0
20130215,0
20130216,0
20130217,0
20130218,0
20130219,0
20130220,0
20130221,0
20130222,0
20130223,0
20130224,0
20130225,0
20130226,1
20130227,1
20130228,1
20130301,1
20130302,1
20130303,1
20130304,1
20130305,1
20130306,1
20130307,0
20130308,1
20130309,1
20130310,1
20130311,0
20130312,1
20130313,0
20130314,0
20130315,0
20130316,0
20130317,0
20130318,0
20130319,0
20130320,0
20130321,0
20130322,0
20130323,0
20130324,0
20130325,0
20130326,0
20130327,0
20130328,0
20130329,0
20130330,0
20130331,0
20130401,0
20130402,0
20130403,0
20130404,0
20130405,0
20130406,0
20130407,0
20130408,0
20130409,0
20130410,0
20130411,0
20130412,0
20130413,0
20130414,0
20130415,0
20130416,0
20130417,0
20130418,0
20130419,0
20130420,0
20130421,0
20130422,0
20130423,0
20130424,0
20130425,0
20130426,0
20130427,0
20130428,0
20130429,0
20130430,0
20130501,0
20130502,0
20130503,0
20130504,0
20130505,0
20130506,0
20130507,0
20130508,0
20130509,0
20130510,0
20130511,0
20130512,0
20130513,0
20130514,0
20130515,0
20130516,0
20130517,0
20130518,0
20130519,0
20130520,0
20130521,0
20130522,0
20130523,0
20130524,0
20130525,0
20130526,0
20130527,0
20130528,0
20130529,0
20130530,0
20130531,0
20130601,0
20130602,0
20130603,0
20130604,0
20130605,0
20130606,0
20130607,0
20130608,0
20130609,0
20130610,0
20130611,0
20130612,0
20130613,0
20130614,0
20130615,0
20130616,0
20130617,0
20130618,0
20130619,0
20130620,0
20130621,0
20130622,0
20130623,0
20130624,0
20130625,0
20130626,0
20130627,0
20130628,0
20130629,0
20130630,0
20130701,0
20130702,0
20130703,0
20130704,0
20130705,0
20130706,0
20130707,0
20130708,0
20130709,0
20130710,0
20130711,0
20130712,0
20130713,0
20130714,0
20130715,0
20130716,0
20130717,0
20130718,0
20130719,0
20130720,0
20130721,0
20130722,0
20130723,0
20130724,0
20130725,0
20130726,0
20130727,0
20130728,0
20130729,0
20130730,0
20130731,0
20130801,0
20130802,0
20130803,0
20130804,0
20130805,0
20130806,0
20130807,0
20130808,0
20130809,0
20130810,0
20130811,0
20130812,0
20130813,0
20130814,0
20130815,0
20130816,0
20130817,0
20130818,0
20130819,0
20130820,0
20130821,0
20130822,0
20130823,0
20130824,0
20130825,0
20130826,0
20130827,0
20130828,0
20130829,0
20130830,0
20130831,0
20130901,0
20130902,0
20130903,0
20130904,0
20130905,0
20130906,0
20130907,0
20130908,0
20130909,0
20130910,0
20130911,0
20130912,0
20130913,0
20130914,0
20130915,0
20130916,0
20130917,0
20130918,0
20130919,0
20130920,0
20130921,0
20130922,0
20130923,0
20130924,0
20130925,0
20130926,0
20130927,0
20130928,0
20130929,0
20130930,0
20131001,0
20131002,0
20131003,0
20131004,0
20131005,0
20131006,0
20131007,0
20131008,0
20131009,0
20131010,0
20131011,0
20131012,0
20131013,0
20131014,0
20131015,0
20131016,0
20131017,0
20131018,0
20131019,0
20131020,0
20131021,0
20131022,0
20131023,0
20131024,0
20131025,0
20131026,0
20131027,0
20131028,0
20131029,0
20131030,0
20131031,0
20131101,0
20131102,0
20131103,0
20131104,0
20131105,0
20131106,0
20131107,0
20131108,0
20131109,0
20131110,0
20131111,1
20131112,1
20131113,0
20131114,1
20131115,1
20131116,1
20131117,1
20131118,1
20131119,1
20131120,1
20131121,1
20131122,1
20131123,1
20131124,1
20131125,1
20131126,1
20131127,1
20131128,0
20131129,0
20131130,0
20131201,0
20131202,0
20131203,0
20131204,0
20131205,0
20131206,1
20131207,0
20131208,1
20131209,1
20131210,1
20131211,1
20131212,1
20131213,1
20131214,1
20131215,1
20131216,1
20131217,1
20131218,1
20131219,1
20131220,0
20131221,0
20131222,0
20131223,0
20131224,0
20131225,0
20131226,0
20131227,0
20131228,1
20131229,1
20131230,1
20131231,1
20140101,1
20140102,1
20140103,1
20140104,1
20140105,1
20140106,1
20140107,1
20140108,1
20140109,1
20140110,1
20140111,1
20140112,1
20140113,1
20140114,1
20140115,0
20140116,0
20140117,0
20140118,0
20140119,0
20140120,1
20140121,1
20140122,1
20140123,1
20140124,1
20140125,1
20140126,1
20140127,1
20140128,0
20140129,0
20140130,0
20140131,0
20140201,1
20140202,1
20140203,0
20140204,1
20140205,1
20140206,1
20140207,1
20140208,0
20140209,0
20140210,0
20140211,0
20140212,0
20140213,0
20140214,0
20140215,0
20140216,0
20140217,0
20140218,0
20140219,0
20140220,0
20140221,0
20140222,0
20140223,0
20140224,0
20140225,0
20140226,0
20140227,0
20140228,0
20140301,0
20140302,0
20140303,0
20140304,0
20140305,0
20140306,0
20140307,0
20140308,0
20140309,0
20140310,0
20140311,0
20140312,0
20140313,0
20140314,0
20140315,0
20140316,0
20140317,1
20140318,1
20140319,1
20140320,1
20140321,1
20140322,1
20140323,1
20140324,1
20140325,0
20140326,0
20140327,0
20140328,0
20140329,0
20140330,0
20140331,0
20140401,0
20140402,0
20140403,0
20140404,0
20140405,0
20140406,0
20140407,0
20140408,0
20140409,0
20140410,0
20140411,0
20140412,0
20140413,0
20140414,0
20140415,0
20140416,0
20140417,0
20140418,0
20140419,0
20140420,0
20140421,0
20140422,0
20140423,0
20140424,0
20140425,0
20140426,0
20140427,0
20140428,0
20140429,0
20140430,0
20140501,0
20140502,0
20140503,0
20140504,0
20140505,0
20140506,0
20140507,0
20140508,0
20140509,0
20140510,0
20140511,0
20140512,0
20140513,0
20140514,0
20140515,0
20140516,0
20140517,0
20140518,0
20140519,0
20140520,0
20140521,0
20140522,0
20140523,0
20140524,0
20140525,0
20140526,0
20140527,0
20140528,0
20140529,0
20140530,0
20140531,0
20140601,0
20140602,0
20140603,0
20140604,0
20140605,0
20140606,0
20140607,0
20140608,0
20140609,0
20140610,0
20140611,0
20140612,0
20140613,0
20140614,0
20140615,0
20140616,0
20140617,0
20140618,0
20140619,0
20140620,0
20140621,0
20140622,0
20140623,0
20140624,0
20140625,0
20140626,0
20140627,0
20140628,0
20140629,0
20140630,0
20140701,0
20140702,0
20140703,0
20140704,0
20140705,0
20140706,0
20140707,0
20140708,0
20140709,0
20140710,0
20140711,0
20140712,0
20140713,0
20140714,0
20140715,0
20140716,0
20140717,0
20140718,0
20140719,0
20140720,0
20140721,0
20140722,0
20140723,0
20140724,0
20140725,0
20140726,0
20140727,0
20140728,0
20140729,0
20140730,0
20140731,0
20140801,0
20140802,0
20140803,0
20140804,0
20140805,0
20140806,0
20140807,0
20140808,0
20140809,0
20140810,0
20140811,0
20140812,0
20140813,0
20140814,0
20140815,0
20140816,0
20140817,0
20140818,0
20140819,0
20140820,0
20140821,0
20140822,0
20140823,0
20140824,0
20140825,0
20140826,0
20140827,0
20140828,0
20140829,0
20140830,0
20140831,0
20140901,0
20140902,0
20140903,0
20140904,0
20140905,0
20140906,0
20140907,0
20140908,0
20140909,0
20140910,0
20140911,0
20140912,0
20140913,0
20140914,0
20140915,0
20140916,0
20140917,0
20140918,0
20140919,0
20140920,0
20140921,0
20140922,0
20140923,0
20140924,0
20140925,0
20140926,0
20140927,0
20140928,0
20140929,0
20140930,0
20141001,0
20141002,0
20141003,0
20141004,0
20141005,0
20141006,0
20141007,0
20141008,0
20141009,0
20141010,0
20141011,0
20141012,0
20141013,0
20141014,0
20141015,0
20141016,0
20141017,0
20141018,0
20141019,0
20141020,0
20141021,0
20141022,0
20141023,0
20141024,0
20141025,0
20141026,0
20141027,0
20141028,0
20141029,0
20141030,0
20141031,0
20141101,0
20141102,0
20141103,0
20141104,0
20141105,0
20141106,0
20141107,0
20141108,0
20141109,0
20141110,0
20141111,0
20141112,0
20141113,0
20141114,0
20141115,0
20141116,0
20141117,0
20141118,0
20141119,0
20141120,0
20141121,0
20141122,0
20141123,0
20141124,0
20141125,0
20141126,0
20141127,0
20141128,0
20141129,0
20141130,0
20141201,0
20141202,0
20141203,0
20141204,0
20141205,0
20141206,0
20141207,0
20141208,0
20141209,0
20141210,0
20141211,0
20141212,0
20141213,0
20141214,0
20141215,0
20141216,0
20141217,0
20141218,0
20141219,0
20141220,0
20141221,0
20141222,0
20141223,0
20141224,0
20141225,0
20141226,0
20141227,0
20141228,1
20141229,0
20141230,0
20141231,0
